BAND,LOWER_POLITICAL,UPPER_POLITICAL,COUNTRY,ORIGIN_YEAR
Blanks 77,Hillside,New Jersey,USA,1990
Bl'ast,Santa Cruz,California,USA,1984
Blatz,Berkeley,California,USA,1989
Blink 182,Poway,California,USA,1992
Dr. Know,Oxnard,California,USA,1981
Dropdead,Providence,Rhode Island,USA,1990
Dropkick Murphys,Quincy,Massachusetts,USA,1996
Drunk Injuns,San Jose,California,USA,1983
The Ducky Boys,Boston,Massachusetts,USA,1995
Dwarves,Chicago,Illinois,USA,1986
DYS,Boston,Massachusetts,USA,1983
Dystopia,Orange County,California,USA,1991
Early Graves,San Francisco,California,USA,2007
Earth Crisis,Syracuse,New York,USA,1989
The Faith,Washington,D.C.,USA,1981
Fang,Berkeley,California,USA,1981
The Fartz,Seattle,Washington,USA,1981
108,New York,New York,USA,1991
1208,Hermosa Beach,California,USA,1996
25 ta Life,Queens,New York,USA,1991
30 Foot Fall,Houston,Texas,USA,1993
44,Los Angeles,California,USA,2005
45 Grave,Los Angeles,California,USA,1979
7 Seconds,Reno,Nevada,USA,1980
88 Fingers Louie,Chicago,Illinois,USA,1993
98 Mute,Hermosa Beach,California,USA,1993
A//Political,Baltimore,Maryland,USA,1993
The Adolescents,Fullerton,California,USA,1980
Adrenalin O.D.,Elmwood Park,New Jersey,USA,1981
AFI,Ukiah,California,USA,1991
Against All Authority,Miami,Florida,USA,1992
Against Me!,Gainesville,Florida,USA,1997
Agent 51,Poway,California,USA,1995
Agent Orange,Placentia,California,USA,1979
Agnostic Front,New York,New York,USA,1982
Aiden,Seattle,Washington,USA,2003
Alkaline Trio,Chicago,Illinois,USA,1996
Alice Donut,New York,New York,USA,1986
All,Fort Collins,Colorado,USA,1987
The All-American Rejects,Stillwater,Oklahoma,USA,1999
Allister,Chicago,Illinois,USA,1996
The Alley Cats,Los Angeles,California,USA,1978
GG Allin,Lancaster,New Hampshire,USA,1976
Amen (American band)|Amen,Los Angeles,California,USA,1994
American Standards,Phoenix,Arizona,USA,2011
American Steel,Oakland,California,USA,1995
American Hi-Fi,Boston,Massachusetts,USA,1998
Andrew Jackson Jihad,Phoenix,Arizona,USA,2004
Ann Beretta,Richmond,Virginia,USA,1996
Angry Samoans,Los Angeles,California,USA,1978
Anti-Flag,Pittsburgh,Pennsylvania,USA,1988
Anti-Heros,Atlanta,Georgia,USA,1984
Anti-Scrunti Faction,Boulder,Colorado,USA,1984
Antischism,Columbia,South Carolina,USA,1988
Antiseen,Charlotte,North Carolina,USA,1983
Apocalypse Hoboken,Chicago,Illinois,USA,1987
The Aquabats,Huntington Beach,California,USA,1994
Arson Anthem,New Orleans,Louisiana,USA,2006
Articles of Faith,Chicago,Illinois,USA,1981
As Friends Rust,Gainesville,Florida,USA,1996
Assjack,Gridley,California,USA,1999
Assorted Jelly Beans,Riverside,California,USA,1996
At the Drive-In,El Paso,Texas,USA,1994
The Ataris,Anderson,Indiana,USA,1995
Atom and His Package,Philadelphia,Pennsylvania,USA,1997
Aus-Rotten,Pittsburgh,Pennsylvania,USA,1992
Authority Zero,Mesa,Arizona,USA,1994
Autopilot Off,Orange County,New York,USA,1996
Avail,Richmond,Virginia,USA,1987
The Avengers,San Francisco,California,USA,1977
Avoid One Thing,Boston,Massachusetts,USA,2002
Awkward Thought,New York,New York,USA,1998
Babes in Toyland,Minneapolis,Minnesota,USA,1987
Bad Astronaut,Goleta,California,USA,2000
Bad Brains,Washington,D.C.,USA,1977
Bad Religion,Los Angeles, California,USA,1979
Bags,Los Angeles,California,USA,1977
Bane,Worcester,Massachusetts,USA,1995
The Banner,New Jersey,,USA,1999
Banner Pilot,Minneapolis,Minnesota,USA,2005
Barely Blind,Groves,Texas,USA,2003
Battalion of Saints,San Diego,California,USA,1980
Battery,Washington,D.C.,USA,1990
Bayside,Queens,New York,USA,2000
Beastie Boys,Brooklyn,New York,USA,1980
Behind Enemy Lines,Pittsburgh,Pennsylvania,USA,2000
Best Revenge,Los Angeles,California,USA,1998
Better Than a Thousand,Washington,D.C.,USA,1997
Bhopal Stiffs,Chicago,Illinois,USA,1985
Bickley,Houston,Texas,USA,1995
Big Black,Evanston,Illinois,USA,1981
Big Boys,Austin,Texas,USA,1979
Big D and the Kids Table,Boston,Massachusetts,USA,1995
Big Drill Car,Costa Mesa,California,USA,1987
Bigwig,Nutley,New Jersey,USA,1995
Bikini Kill,Olympia,Washington,USA,1990
Billy Talent,Mississauga,Ontario,USA,1993
Biohazard,Brooklyn,New York,USA,1988
Blackbird Raum,Santa Cruz,California,USA,2004
Blackfire,Black Mesa,Arizona,USA,1989
Black Flag,Hermosa Beach,California,USA,1976
Black Lips,Dunwoody,Georgia,USA,1999
The Black Pacific,Huntington Beach,California,USA,2010
Black Randy and the Metrosquad,Los Angeles,California,USA,1977
Black Square,Honolulu,Hawaii,USA,2002
Blood for Blood,Boston,Massachusetts,USA,1994
Blue Meanies,Carbondale,Illinois,USA,1989
Bobot Adrenaline,Los Angeles,California,USA,2001
Bold,Westchester County,New York,USA,1986
Bomb the Music Industry!,Nassau County,New York,USA,2004
Bowling for soup,Wichita Falls,Texas,USA,1994
Born Against,New York,New York,USA,1989
The Bouncing Souls,New Brunswick,New Jersey,USA,1987
Box Car Racer,Los Angeles,California,USA,2002
Bracket,Forestville,California,USA,1992
Brand New,Levittown,New York,USA,2000
Brand New War,Los Angeles,California,USA,2005
Bratmobile,Olympia,Washington,USA,1991
Breakdown,New York,New York,USA,1986
The Briefs,Seattle,Washington,USA,2000
The Briggs,Los Angeles,California,USA,2001
The Broadways,Chicago,Illinois,USA,1996
Broadway Calls,Rainier,Oregon,USA,2005
The Bronx,Los Angeles,California,USA,2002
Brother's Keeper,Erie,Pennsylvania,USA,1994
The Bruce Lee Band,San Francisco,California,USA,1997
The Bruisers,Portsmouth,New Hampshire,USA,1988
Brutal Juice,Denton,Texas,USA,1991
Buck-O-Nine,San Diego,California,USA,1991
Bullets and Octane,St. Louis,Missouri,USA,1998
Bullet Treatment,Los Angeles,California,USA,1998
Burn,New York,New York,USA,1988
Butthole Surfers,San Antonio,Texas,USA,1981
Cardiac Kidz,San Diego,California,USA,1978
Care Bears on Fire,Brooklyn,New York,USA,2007
Career Soldiers,San Diego,California,USA,2002
The Carrier,Boston,Massachusetts,USA,2006
Cartel,Conyers,Georgia,USA,2003
The Casualties,Jersey City,New Jersey,USA,1990
Catch 22,East Brunswick,New Jersey,USA,1996
Catholic Discipline,Los Angeles,California,USA,1979
Caustic Christ,Pittsburgh,Pennsylvania,USA,2000
Cerebral Ballzy,New York,New York,USA,2008
Ceremony,Rohnert Park,California,USA,2005
Chain of Strength,California,,USA,1988
Champion,Seattle,Washington,USA,1999
A Change of Pace,Peoria,Arizona,USA,2001
Channel 3,Cerritos,California,USA,1980
Charles Bronson,Chicago,Illinois,USA,1994
Cheap Sex,San Diego,California,USA,2002
Chemical People,Los Angeles,California,USA,1986
Cherry Poppin' Daddies,Eugene,Oregon,USA,1989
Children 18:3,Morris,Minnesota,USA,1999
The Chinkees,San Francisco,California,USA,1998
Choking Victim,New York,New York,USA,1992
Christ on Parade,San Francisco,California,USA,1985
Circle Jerks,Hermosa Beach,California,USA,1979
CIV,New York,New York,USA,1994
Civet,Long Beach,California,USA,2000
Classics of Love,Emeryville,California,USA,2008
Clit 45,Long Beach,California,USA,1996
Clockcleaner,Philadelphia,Pennsylvania,USA,2003
Closet Monster,Ajax,Ontario,USA,1997
Cobra Skulls,Reno,Nevada,USA,2005
The Code,Pittsburgh,Pennsylvania,USA,2000
Code Orange Kids,Pittsburgh,Pennsylvania,USA,2008
Code 13,Minneapolis,Minnesota,USA,1995
Colossal,Chicago,Illinois,USA,2003
Converge,Salem,Massachusetts,USA,1990
The Cooters,Oxford,Mississippi,USA,1993
Corrosion of Conformity,Raleigh,North Carolina,USA,1982
Corrupted Ideals,Long Beach,California,USA,1987
The Cost,San Francisco,California,USA,1999
Count Me Out,Richmond,Virginia,USA,1997
Craig's Brother,Santa Cruz,California,USA,1995
The Cramps,Sacramento,California,USA,1976
Crime,San Francisco,California,USA,1976
Crime in Stereo,New York,New York,USA,2002
The Criminals,Berkeley,California,USA,1994
Crimpshrine,Berkeley,California,USA,1982
Cringer,Manoa,Hawaii,USA,1985
Cro-Mags,New York,New York,USA,1982
The Crucified,Fresno,California,USA,1984
Crucifix,Berkeley,California,USA,1980
The Crucifucks,Lansing,Michigan,USA,1981
Los Crudos,Chicago,Illinois,USA,1991
Cruel Hand,Portland,Maine,USA,2006
Crumbsuckers,Baldwin,New York,USA,1982
The Cute Lepers,Seattle,Washington,USA,2007
Cypher in the Snow,San Francisco,California,USA,1996
Dag Nasty,Washington,D.C.,USA,1985
Damage,New York,New York,USA,1983
Damnation A.D.,Washington,D.C.,USA,1992
Dance Hall Crashers,Berkeley,California,USA,1987
Darby Crash Band,Los Angeles,California,USA,1980
Darkbuster,Boston,Massachusetts,USA,1996
The Dead Boys,Cleveland,Ohio,USA,1976
Dead Kennedys,San Francisco,California,USA,1978
Dead Milkmen,Philadelphia,Pennsylvania,USA,1983
Dead to Me,Philadelphia,Pennsylvania,USA,1983
Death,Detroit,Michigan,USA,1971
Death Before Dishonor,Boston,Massachusetts,USA,2000
Death by Stereo,Orange County,California,USA,1996
Deep Wound,Westfield,Massachusetts,USA,1982
Defeater,Boston,Massachusetts,USA,2004
Defiance,Portland,Oregon,USA,1993
The Del Fuegos,Boston,Massachusetts,USA,1980
Descendents,Manhattan Beach,California,USA,1978
Destroy!,Minneapolis,Minnesota,USA,1988
Devo,Akron,Ohio,USA,1972
The Devotchkas,Long Island York,New York,USA,1996
Dexter Danger,San Francisco,California,USA,2000
D.I.,Orange County,California,USA,1982
The Dicks,Austin,Texas,USA,1982
The Dickies,San Fernando Valley Angeles,California,USA,1977
The Dictators,New York,New York,USA,1973
DieMonsterDie,Salt Lake City,Utah,USA,1995
The Diffs,Los Angeles,California,USA,2003
Dillinger Four,Minneapolis,Minnesota,USA,1994
The Dils,Carlsbad,California,USA,1977
Dirty Rotten Imbeciles,Houston,Texas,USA,1982
Discount,Vero Beach,Florida,USA,1995
Disrupt,Boston,Massachusetts,USA,1987
The Distillers,Los Angeles,California,USA,1998
DMZ,Boston,Massachusetts,USA,1976
Dog Eat Dog,Bergen County,New Jersey,USA,1990
Doggy Style,Fullerton,California,USA,1983
Dogwood,Escondido,California,USA,1993
Down by Law,Los Angeles,California,USA,1990
downset.,Los Angeles,California,USA,1989
The Draft,Gainesville,Florida,USA,2006
Dresden 45,Houston,Texas,USA,1985
The Effigies,Chicago,Illinois,USA,1980
Electric Eels,Cleveland,Ohio,USA,1972
Electric Frankenstein,Whippany,New Jersey,USA,1991
Eleventyseven,Laurens,South Carolina,USA,2002
Embers,Oakland,California,USA,2004
Embrace,Washington,D.C.,USA,1985
Embrace Today,Boston,Massachusetts,USA,1998
Endpoint,Louisville,Kentucky,USA,1988
Enemy You,San Francisco,California,USA,1997
Ensign,New Brunswick,New Jersey,USA,1995
The Ergs!,South Amboy,New Jersey,USA,2000
Eve 6,La Crescenta-Montrose,California,USA,1995
Excuse 17,Olympia,Washington,USA,1993
The Explosion,Boston,Massachusetts,USA,1998
The Eyeliners,Albuquerque,New Mexico,USA,1995
Fabulous Disaster,San Francisco,California,USA,1998
Face to Face,Victorville,California,USA,1991
The Faction,San Jose,California,USA,1982
Fairweather,Fairfax,Virginia,USA,1999
The Falcon,Chicago,Illinois,USA,2004
Fear,Los Angeles,California,USA,1977
Fenix TX,Houston,Texas,USA,1995
Fiasco,Brooklyn,New York,USA,2005
Fifteen,Berkeley,California,USA,1991
Figures of Light,New Brunswick,New Jersey,USA,1970
Filth,San Francisco,California,USA,1989
Filthy Thieving Bastards,Oakland,California,USA,2000
Final Conflict,Long Beach,California,USA,1983
Fit For Rivals,Jacksonville,Florida,USA,2006
Fitz of Depression,Tumwater,Washington,USA,1987
Five Iron Frenzy,Denver,Colorado,USA,1995
Flatfoot 56,Chicago,Illinois,USA,2000
The Flesh Eaters,Los Angeles,California,USA,1977
Fleshies,Oakland,California,USA,1999
Flipper,San Francisco,California,USA,1979
Flogging Molly,Los Angeles,California,USA,1997
F-Minus,Huntington Beach,California,USA,1995
forgetters,Brooklyn,New York,USA,2009
Four Walls Falling,Richmond,Virginia,USA,1983
Four Year Strong,Worcester,Massachusetts,USA,2001
Frankenstein Drag Queens from Planet 13,Landis,North Carolina,USA,1996
The Freeze,Cape Cod,Massachusetts,USA,1978
The Frisk,Berkeley,California,USA,2000
Frodus,Washington,D.C.,USA,1993
From Ashes Rise,Nashville,Tennessee,USA,1997
The Frustrators,Wrentham,Massachusetts,USA,1999
The F.U.'s,Boston,Massachusetts,USA,1982
Fuel,San Francisco,California,USA,1989
Fugazi,Washington,D.C.,USA,1987
F.Y.P,Torrance,California,USA,1989
Gang Green,Boston,Massachusetts,USA,1981
The Gaslight Anthem,New Brunswick,New Jersey,USA,2006
Germs,Los Angeles,California,USA,1977
The Ghost,Chicago,Illinois,USA,2001
Ghost Mice,Bloomington,Indiana,USA,2002
The Gits,Yellow Springs,Ohio,USA,1986
Give Up the Ghost,Boston,Massachusetts,USA,1998
A Global Threat,Boston,Massachusetts,USA,1997
Gogol Bordello,Lower East Side,New York,USA,1999
Goldfinger,Los Angeles,California,USA,1994
Good Charlotte,Waldorf,Maryland,USA,1996
Good Clean Fun,Washington,D.C.,USA,1997
Good Riddance,Santa Cruz,California,USA,1986
Gorilla Biscuits,New York,New York,USA,1986
Government Issue,Washington,D.C.,USA,1980
Gray Matter,Washington,D.C.,USA,1983
Green Day,San Francisco,California,USA,1986
Green Jellÿ,Kenmore,New York,USA,1981
Greyskull,Dallas,Texas,USA,2001
Groovie Ghoulies,Sacramento,California,USA,1983
The Gun Club,Los Angeles,California,USA,1979
Guttermouth,Huntington Beach,California,USA,1988
GWAR,Richmond,Virginia,USA,1985
H2O,New York,New York,USA,1995
Hagfish,Dallas,Texas,USA,1991
Hatebreed,New Haven,Connecticut,USA,1994
Haunted Garage,Los Angeles,California,USA,1985
Have Heart,New Bedford,Massachusetts,USA,2002
Hazen Street,New York,New York,USA,2004
Heart Attack,New York,New York,USA,1980
The Heartbreakers,New York,New York,USA,1975
Hed PE,Huntington Beach,California,USA,1994
His Hero Is Gone,Memphis,Tennessee,USA,1995
Hit the Lights,Lima,Ohio,USA,2003
Hogan's Heroes,Toms River,New Jersey,USA,1984
Hole,Los Angeles,California,USA,1989
Home Grown,Orange County,California,USA,1994
The Honor System,Chicago,Illinois,USA,1999
The Hope Bombs,San Francisco,California,USA,1994
The Hope Conspiracy,Boston,Massachusetts,USA,1999
Hot Cross,Philadelphia,Pennsylvania,USA,2000
Hot Water Music,Gainesville,Florida,USA,1993
Ho99o9,Newark,New Jersey,USA,2012
Humble Gods,Hermosa Beach,California,USA,1990
The Huntingtons,Baltimore,Maryland,USA,1995
Husker Du,Minneapolis,Minnesota,USA,1979
I Am the Avalanche,Brooklyn,New York,USA,2004
I Prevail,Southfield,Michigan,USA,2013
The Icemen,New York,New York,USA,1982
Icon For Hire,Decatur,Illinois,USA,2007
Iggy Pop,Muskegon,Michigan,USA,1963
Ignite,Orange County,California,USA,1993
Los Illegals,Los Angeles,California,USA,1979
Indecision,New York,New York,USA,1993
The Influents,San Francisco,California,USA,1999
In My Eyes,Boston,Massachusetts,USA,1997
Inquisition,Richmond,Virginia,USA,1991
Inside Out,Orange County,California,USA,1988
International Robot,Minneapolis,Minnesota,USA,2000
Intro5pect,Orange County,California,USA,1997
Iron Cross,Baltimore,Maryland,USA,1982
Isocracy,Berkeley,California,USA,1986
The Jabbers,Manchester†,New Hampshire,USA,1977
Jackson United,Stana Barbara,California,USA,2003
Jack Off Jill,Fort Lauderdale,Florida,USA,1992
Jawbox,Washington,D.C.,USA,1989
Jawbreaker,San Francisco,California,USA,1988
J Church,San Francisco,California,USA,1992
Jello Biafra and the Guantanamo School of Medicine,Los Angeles,California,USA,2008
Jerry's Kids,Boston,Massachusetts,USA,1981
JFA,Phoenix,Arizona,USA,1981
Jimmy Eat World,Mesa,Arizona,USA,1993
Johnny Hobo and the Freight Trains,Brattleboro,Vermont,USA,1987
Jon Cougar Concentration Camp,San Diego,California,USA,1994
Johnny Socko,Bloomington,Indiana,USA,1990
The Joneses,Hollywood,California,USA,1979
Joyce Manor,Torrance,California,USA,2008
The Joykiller,Huntington Beach,California,USA,1995
Judge,New York,New York,USA,1987
Jughead's Revenge,Los Angeles,California,USA,1988
Justice League,Ontario,California,USA,1983
Kid Dynamite,Philadelphia,Pennsylvania,USA,1997
Killing Time,New York,New York,USA,1988
Kill Your Idols,Long Island York,New York,USA,1995
Kiss It Goodbye,Seattle,Washington,USA,1997
The Kominas,Boston,Massachusetts,USA,2004
Kraut,New York,New York,USA,1981
Die Kreuzen,Milwaukee,Wisconsin,USA,1981
